images/new_212.jpg,137,213,474,578,no_mask
images/new_24.jpg,639,356,868,558,mask
images/asian_mask221.jpg,56,111,155,184,mask
images/crowd_mask113.jpg,63,90,137,154,mask
images/new_151.jpg,147,232,436,565,no_mask
images/asian_mask219.jpg,46,66,195,201,mask
images/asian_mask290.jpg,70,61,177,140,mask
images/asian_mask255.jpg,200,44,212,62,mask
images/asian_mask5.jpg,81,58,146,118,mask
images/73.jpg,218,194,524,565,no_mask
images/52.jpg,161,254,459,576,no_mask
images/asian_mask77.jpg,64,37,188,142,mask
images/new_67.jpg,73,111,488,571,no_mask
images/crowd_mask119.jpg,106,114,129,155,mask
images/65.jpg,109,178,445,532,no_mask
images/79.jpg,186,235,496,571,no_mask
images/105.jpg,95,178,483,582,no_mask
images/crowd_mask59.jpg,324,170,370,207,mask
images/asian_mask169.jpg,91,93,221,200,mask
images/117.jpg,128,248,467,578,no_mask
images/new_213.jpg,101,182,492,555,no_mask
images/new_18.jpg,118,81,171,127,mask
images/164.jpg,187,190,481,567,no_mask
images/new_132.jpg,138,260,437,585,no_mask
images/asian_mask58.jpg,100,59,182,126,mask
images/135.jpg,141,214,458,565,no_mask
images/new_194.jpg,140,178,536,587,no_mask
images/asian_mask53.jpg,115,52,210,141,mask
images/new_57.jpg,393,152,494,275,mask
images/crowd_mask140.jpg,95,155,349,364,mask
images/asian_mask202.jpg,77,52,152,118,mask
images/crowd_mask170.jpg,217,134,455,291,mask
images/196.jpg,95,244,417,573,no_mask
images/asian_mask272.jpg,61,90,196,208,mask
images/asian_mask32.jpg,39,74,122,147,mask
images/new_252.jpg,151,244,477,582,no_mask
images/asian_mask252.jpg,105,29,162,83,mask
images/crowd_mask182.jpg,61,92,195,210,mask
images/new_233.jpg,98,214,505,585,no_mask
images/crowd_mask94.jpg,42,16,234,172,mask
images/asian_mask187.jpg,135,78,232,165,mask
images/new_161.jpg,151,251,471,577,no_mask
images/9.jpg,90,164,394,553,no_mask
images/new_126.jpg,148,275,470,594,no_mask
images/new_188.jpg,176,265,508,581,no_mask
images/97.jpg,146,207,458,555,no_mask
images/asian_mask141.jpg,94,67,191,152,mask
images/120.jpg,101,232,488,592,no_mask
images/crowd_mask89.jpg,290,217,339,266,mask
images/new_26.jpg,217,280,549,557,mask
images/968.png,96,116,132,163,mask
images/969.png,85,89,133,149,mask
images/970.png,85,96,142,165,mask
images/971.png,79,100,146,187,mask
images/972.png,82,90,136,165,mask
images/973.png,74,93,121,156,mask
images/974.png,86,94,126,151,mask
images/asian_mask25.jpg,105,78,212,194,mask
images/new_199.jpg,109,245,440,550,no_mask
images/crowd_mask149.jpg,71,37,141,90,mask
images/119.jpg,110,224,479,579,no_mask
images/new_105.jpg,98,211,410,571,no_mask
images/new_211.jpg,128,136,485,549,no_mask
images/crowd_mask83.jpg,28,75,256,283,mask
images/new_11.jpg,150,60,217,125,mask
images/asian_mask205.jpg,153,7,241,97,mask
images/46.jpg,149,174,443,529,no_mask
images/13.jpg,123,191,497,532,no_mask
images/new_185.jpg,66,159,548,525,no_mask
images/new_55.jpg,316,322,649,637,mask
images/new_62.jpg,507,97,592,195,mask
images/new_205.jpg,126,178,519,575,no_mask
images/crowd_mask198.jpg,67,69,162,148,mask
images/new_49.jpg,384,175,590,403,mask
images/asian_mask11.jpg,95,78,216,178,mask
images/new_50.jpg,545,295,681,405,mask
images/new_145.jpg,79,189,510,549,no_mask
images/asian_mask181.jpg,67,94,193,213,mask
images/asian_mask153.jpg,50,112,206,220,mask
images/30.jpg,106,214,415,587,no_mask
images/asian_mask54.jpg,65,72,190,183,mask
images/new_118.jpg,44,140,532,557,no_mask
images/asian_mask167.jpg,45,113,198,229,mask
images/new_141.jpg,131,250,397,527,no_mask
images/new_43.jpg,270,546,410,703,mask
images/944.png,104,114,136,157,no_mask
images/945.png,80,101,116,142,no_mask
images/946.png,83,93,123,151,no_mask
images/947.png,83,82,128,149,no_mask
images/948.png,100,99,139,156,no_mask
images/949.png,99,108,134,151,no_mask
images/950.png,105,106,137,150,no_mask
images/951.png,88,105,122,149,no_mask
images/952.png,117,104,147,152,no_mask
images/953.png,112,107,145,156,no_mask
images/954.png,104,102,138,153,no_mask
images/955.png,100,110,141,159,mask
images/956.png,92,113,131,157,mask
images/957.png,87,114,127,159,mask
images/958.png,76,112,117,161,mask
images/959.png,85,108,123,152,mask
images/960.png,93,106,131,152,mask
images/961.png,88,99,132,153,mask
images/962.png,83,95,133,157,mask
images/963.png,79,90,138,161,mask
images/964.png,79,92,141,166,mask
images/965.png,78,87,131,157,mask
images/966.png,106,84,151,148,mask
images/967.png,98,95,140,145,mask
images/975.png,101,90,143,148,mask
images/976.png,114,92,150,149,mask
images/977.png,105,98,141,150,mask
images/978.png,102,103,135,150,no_mask
images/979.png,104,98,139,148,no_mask
images/crowd_mask181.jpg,311,255,390,340,mask
images/asian_mask14.jpg,36,203,78,230,mask
images/asian_mask21.jpg,29,133,150,230,mask
images/new_187.jpg,126,288,475,585,no_mask
images/163.jpg,133,220,472,582,no_mask
images/99.jpg,118,171,434,547,no_mask
images/31.jpg,122,159,476,561,no_mask
images/131.jpg,140,192,445,545,no_mask
images/19.jpg,120,220,491,555,no_mask
images/6.jpg,171,119,490,535,no_mask
images/asian_mask27.jpg,59,49,143,132,mask
images/asian_mask268.jpg,101,76,167,138,mask
images/new_224.jpg,149,268,436,566,no_mask
images/asian_mask156.jpg,58,97,186,182,mask
images/new_66.jpg,145,161,456,533,no_mask
images/asian_mask113.jpg,42,57,174,181,mask
images/asian_mask98.jpg,39,44,148,154,mask
images/new_86.jpg,124,222,421,564,no_mask
images/crowd_mask155.jpg,299,141,395,228,mask
images/40.jpg,104,173,438,532,no_mask
images/104.jpg,88,178,490,572,no_mask
images/new_191.jpg,93,182,459,585,no_mask
images/0.jpg,154,197,532,564,no_mask
images/crowd_mask24.jpg,216,211,1553,1058,mask
images/new_123.jpg,95,146,462,528,no_mask
images/crowd_mask125.jpg,77,67,199,169,mask
images/asian_mask127.jpg,86,58,219,205,mask
images/new_259.jpg,157,238,500,572,no_mask
images/125.jpg,148,249,469,550,no_mask
images/new_248.jpg,102,187,489,565,no_mask
images/crowd_mask141.jpg,459,123,690,344,mask
images/new_153.jpg,94,224,402,574,no_mask
images/asian_mask296.jpg,19,55,113,151,mask
images/asian_mask130.jpg,28,89,139,189,mask
images/crowd_mask65.jpg,214,54,245,77,mask
images/new_100.jpg,156,228,477,586,no_mask
images/asian_mask247.jpg,169,98,207,132,mask
images/68.jpg,129,255,438,579,no_mask
images/new_1.jpg,75,39,118,76,mask
images/155.jpg,189,286,477,578,no_mask
images/166.jpg,156,266,484,578,no_mask
images/new_25.jpg,305,344,636,631,mask
images/asian_mask101.jpg,26,111,121,178,mask
images/147.jpg,118,210,419,571,no_mask
images/asian_mask222.jpg,41,29,113,107,mask
images/167.jpg,165,257,447,574,no_mask
images/77.jpg,128,183,416,555,no_mask
images/new_46.jpg,281,52,766,493,mask
images/new_23.jpg,60,122,122,189,mask
images/58.jpg,97,250,429,547,no_mask
images/asian_mask207.jpg,50,62,140,128,mask
images/140.jpg,137,224,424,555,no_mask
images/crowd_mask115.jpg,107,156,398,378,mask
images/new_202.jpg,147,230,475,594,no_mask
images/asian_mask3.jpg,61,111,148,179,mask
images/crowd_mask161.jpg,262,124,355,203,mask
images/crowd_mask109.jpg,276,119,352,166,mask
images/84.jpg,71,151,469,571,no_mask
images/asian_mask48.jpg,94,66,169,140,mask
images/new_234.jpg,92,159,503,562,no_mask
images/asian_mask213.jpg,63,39,232,177,mask
images/new_14.jpg,45,5,241,175,mask
images/asian_mask44.jpg,56,75,134,145,mask
images/new_181.jpg,86,202,481,549,no_mask
images/asian_mask262.jpg,55,67,196,185,mask
images/new_241.jpg,144,237,438,571,no_mask
images/new_102.jpg,132,185,491,578,no_mask
images/4.jpg,113,222,409,572,no_mask
images/90.jpg,100,164,464,554,no_mask
images/crowd_mask31.jpg,102,128,290,301,mask
images/189.jpg,101,192,441,550,no_mask
images/asian_mask216.jpg,21,79,153,223,mask
images/crowd_mask167.jpg,65,110,155,193,mask
images/asian_mask271.jpg,87,49,140,81,mask
images/asian_mask253.jpg,169,36,191,58,mask
images/54.jpg,42,206,461,557,no_mask
images/crowd_mask77.jpg,86,62,209,153,mask
images/asian_mask210.jpg,6,66,108,191,mask
images/151.jpg,135,228,435,571,no_mask
images/new_255.jpg,125,146,503,580,no_mask
images/crowd_mask90.jpg,104,243,609,650,mask
images/new_63.jpg,518,274,726,471,mask
images/asian_mask61.jpg,121,117,235,209,mask
images/asian_mask226.jpg,129,59,220,150,mask
images/asian_mask246.jpg,142,111,278,214,mask
images/asian_mask230.jpg,40,11,98,75,mask
images/crowd_mask35.jpg,159,35,193,61,mask
images/asian_mask158.jpg,52,88,193,202,mask
images/new_226.jpg,118,185,434,575,no_mask
images/asian_mask257.jpg,44,67,144,178,mask
images/crowd_mask132.jpg,80,75,178,164,mask
images/new_47.jpg,459,486,724,686,mask
images/crowd_mask95.jpg,206,95,245,127,mask
images/crowd_mask13.jpg,289,174,568,331,mask
images/asian_mask223.jpg,133,102,239,212,mask
images/crowd_mask157.jpg,185,65,414,303,mask
images/new_232.jpg,116,228,473,597,no_mask
images/78.jpg,137,214,397,574,no_mask
images/72.jpg,106,235,396,573,no_mask
images/new_186.jpg,110,163,492,551,no_mask
images/asian_mask138.jpg,66,56,162,134,mask
images/asian_mask7.jpg,100,92,190,175,mask
images/asian_mask151.jpg,54,55,182,167,mask
images/asian_mask286.jpg,148,90,241,199,mask
images/asian_mask228.jpg,85,85,176,159,mask
images/new_160.jpg,115,227,489,551,no_mask
images/28.jpg,99,62,481,522,no_mask
images/crowd_mask0.jpg,84,42,214,148,mask
images/asian_mask134.jpg,82,89,168,181,mask
images/new_4.jpg,77,95,155,171,mask
images/161.jpg,90,198,518,556,no_mask
images/107.jpg,90,268,458,591,no_mask
images/asian_mask163.jpg,71,130,183,223,mask
images/new_131.jpg,95,199,417,584,no_mask
images/new_2.jpg,83,85,174,174,mask
images/asian_mask150.jpg,25,85,202,206,mask
images/60.jpg,123,114,488,547,no_mask
images/145.jpg,85,114,474,571,no_mask
images/new_263.jpg,106,227,452,563,no_mask
images/asian_mask60.jpg,45,60,145,130,mask
images/asian_mask67.jpg,70,96,185,211,mask
images/asian_mask126.jpg,50,32,164,164,mask
images/new_150.jpg,75,174,427,571,no_mask
images/asian_mask84.jpg,103,61,191,154,mask
images/asian_mask65.jpg,80,90,192,208,mask
images/asian_mask199.jpg,70,68,191,194,mask
images/asian_mask95.jpg,47,55,171,155,mask
images/asian_mask204.jpg,97,47,180,124,mask
images/new_246.jpg,95,182,409,563,no_mask
images/asian_mask251.jpg,229,71,251,96,mask
images/asian_mask57.jpg,109,72,231,205,mask
images/new_29.jpg,268,311,695,738,mask
images/asian_mask206.jpg,158,96,253,184,mask
images/new_65.jpg,626,145,673,193,mask
images/new_85.jpg,76,248,393,563,no_mask
images/new_227.jpg,202,262,462,541,no_mask
images/new_130.jpg,101,193,493,538,no_mask
images/new_236.jpg,98,136,499,592,no_mask
images/asian_mask81.jpg,70,58,173,156,mask
images/asian_mask46.jpg,114,107,171,161,mask
images/new_90.jpg,133,263,480,579,no_mask
images/new_30.jpg,481,115,734,347,mask
images/89.jpg,141,201,503,574,no_mask
images/new_38.jpg,608,723,725,860,mask
images/new_79.jpg,138,212,444,544,no_mask
images/asian_mask259.jpg,56,64,168,179,mask
images/new_267.jpg,111,53,141,83,mask
images/asian_mask62.jpg,29,40,85,98,mask
images/new_134.jpg,114,201,530,567,no_mask
images/106.jpg,138,259,413,578,no_mask
images/new_253.jpg,123,272,438,574,no_mask
images/asian_mask122.jpg,61,88,179,190,mask
images/crowd_mask124.jpg,0,61,36,104,mask
images/new_235.jpg,94,221,441,535,no_mask
images/59.jpg,121,128,472,509,no_mask
images/new_164.jpg,105,271,470,579,no_mask
images/asian_mask240.jpg,134,35,199,101,mask
images/asian_mask140.jpg,37,60,179,195,mask
images/crowd_mask39.jpg,353,439,389,476,mask
images/asian_mask190.jpg,51,74,126,141,mask
images/156.jpg,131,179,455,575,no_mask
images/asian_mask40.jpg,116,75,210,169,mask
images/new_101.jpg,102,190,483,577,no_mask
images/new_0.jpg,51,23,85,48,mask
images/asian_mask121.jpg,61,87,197,193,mask
images/asian_mask87.jpg,1,55,151,187,mask
images/new_15.jpg,60,21,102,62,mask
images/crowd_mask53.jpg,206,388,611,736,mask
images/crowd_mask120.jpg,133,35,150,48,mask
images/asian_mask292.jpg,46,61,142,160,mask
images/asian_mask265.jpg,60,50,137,112,mask
images/asian_mask196.jpg,51,63,178,170,mask
images/133.jpg,113,207,463,571,no_mask
images/asian_mask188.jpg,148,28,161,43,mask
images/91.jpg,61,247,425,567,no_mask
images/new_243.jpg,140,255,435,594,no_mask
images/new_242.jpg,145,278,466,578,no_mask
images/175.jpg,126,241,452,575,no_mask
images/new_206.jpg,118,180,505,553,no_mask
images/asian_mask45.jpg,66,70,150,144,mask
images/asian_mask38.jpg,80,75,178,164,mask
images/asian_mask28.jpg,99,59,171,144,mask
images/crowd_mask56.jpg,522,248,994,663,mask
images/new_180.jpg,167,292,458,578,no_mask
images/179.jpg,131,316,466,599,no_mask
images/181.jpg,132,289,454,582,no_mask
images/crowd_mask54.jpg,656,338,834,493,mask
images/asian_mask173.jpg,99,65,201,154,mask
images/asian_mask63.jpg,21,62,121,130,mask
images/new_99.jpg,146,193,459,547,no_mask
images/asian_mask170.jpg,49,80,210,199,mask
images/new_84.jpg,181,86,580,576,no_mask
images/191.jpg,81,209,397,578,no_mask
images/new_68.jpg,93,96,494,550,no_mask
images/new_45.jpg,393,587,649,932,mask
images/crowd_mask4.jpg,134,114,318,293,mask
images/asian_mask211.jpg,149,159,217,247,mask
images/95.jpg,158,236,466,585,no_mask
images/146.jpg,158,221,560,547,no_mask
images/new_152.jpg,182,238,471,569,no_mask
images/37.jpg,161,242,472,568,no_mask
images/asian_mask103.jpg,55,68,190,203,mask
images/116.jpg,167,265,443,572,no_mask
images/124.jpg,127,183,432,552,no_mask
images/103.jpg,164,305,459,573,no_mask
images/asian_mask166.jpg,107,50,183,117,mask
images/asian_mask111.jpg,74,75,142,140,mask
images/new_91.jpg,146,198,503,563,no_mask
images/160.jpg,74,206,442,574,no_mask
images/crowd_mask75.jpg,356,264,407,299,mask
images/asian_mask175.jpg,92,88,207,190,mask
images/asian_mask295.jpg,98,60,171,130,mask
images/asian_mask245.jpg,58,58,110,108,mask
images/new_155.jpg,122,224,471,559,no_mask
images/new_70.jpg,130,271,463,555,no_mask
images/asian_mask102.jpg,82,70,183,171,mask
images/new_170.jpg,145,257,450,565,no_mask
images/98.jpg,155,178,522,564,no_mask
images/new_143.jpg,152,256,432,565,no_mask
images/asian_mask85.jpg,83,55,195,195,mask
images/new_119.jpg,163,242,416,580,no_mask
images/crowd_mask121.jpg,119,112,214,194,mask
images/asian_mask168.jpg,62,122,185,213,mask
images/new_71.jpg,102,235,429,571,no_mask
images/asian_mask100.jpg,11,95,147,188,mask
images/asian_mask123.jpg,89,58,170,143,mask
images/crowd_mask146.jpg,56,61,208,179,mask
images/asian_mask4.jpg,61,102,151,172,mask
images/crowd_mask34.jpg,6,183,301,462,mask
images/new_251.jpg,152,169,481,551,no_mask
images/148.jpg,120,227,439,554,no_mask
images/asian_mask258.jpg,25,30,224,218,mask
images/44.jpg,161,201,457,549,no_mask
images/42.jpg,186,179,497,577,no_mask
images/crowd_mask192.jpg,149,206,461,509,mask
images/asian_mask269.jpg,63,87,195,183,mask
images/crowd_mask9.jpg,751,361,796,413,mask
images/new_56.jpg,317,257,570,511,mask
images/asian_mask68.jpg,61,62,165,183,mask
images/crowd_mask88.jpg,72,232,115,268,mask
images/172.jpg,123,275,494,592,no_mask
images/118.jpg,174,228,493,554,no_mask
images/177.jpg,87,193,474,587,no_mask
images/153.jpg,129,227,432,585,no_mask
images/new_80.jpg,131,251,429,560,no_mask
images/new_154.jpg,113,243,452,571,no_mask
images/new_247.jpg,127,214,455,542,no_mask
images/new_137.jpg,93,177,488,545,no_mask
images/crowd_mask145.jpg,291,450,658,731,mask
images/asian_mask147.jpg,83,68,183,159,mask
images/143.jpg,146,205,443,548,no_mask
images/76.jpg,152,155,483,549,no_mask
images/asian_mask152.jpg,48,50,163,153,mask
images/new_168.jpg,152,255,479,573,no_mask
images/asian_mask56.jpg,74,78,198,185,mask
images/asian_mask208.jpg,126,34,177,72,mask
images/64.jpg,151,238,453,560,no_mask
images/new_5.jpg,297,104,328,141,mask
images/new_225.jpg,145,226,438,550,no_mask
images/crowd_mask189.jpg,3182,602,3323,759,mask
images/new_198.jpg,105,214,407,540,no_mask
images/110.jpg,83,249,457,573,no_mask
images/new_33.jpg,455,140,594,272,mask
images/asian_mask283.jpg,88,27,182,108,mask
images/asian_mask267.jpg,30,88,140,181,mask
images/asian_mask241.jpg,133,2,161,27,mask
images/new_54.jpg,633,352,746,454,mask
images/asian_mask76.jpg,125,103,220,216,mask
images/new_103.jpg,101,171,485,554,no_mask
images/24.jpg,92,144,488,590,no_mask
images/new_111.jpg,133,192,428,576,no_mask
images/new_10.jpg,82,81,182,180,mask
images/asian_mask236.jpg,41,73,131,166,mask
images/new_136.jpg,112,199,434,562,no_mask
images/new_201.jpg,101,260,388,557,no_mask
images/asian_mask39.jpg,66,39,219,197,mask
images/96.jpg,111,190,422,553,no_mask
images/new_214.jpg,124,250,447,571,no_mask
images/23.jpg,123,123,545,582,no_mask
images/asian_mask289.jpg,152,32,174,56,mask
images/new_78.jpg,126,200,461,571,no_mask
images/14.jpg,102,177,486,571,no_mask
images/asian_mask114.jpg,83,80,218,182,mask
images/new_109.jpg,151,252,459,573,no_mask
images/asian_mask125.jpg,13,10,208,225,mask
images/asian_mask96.jpg,39,98,110,147,mask
images/new_21.jpg,126,51,160,82,mask
images/asian_mask50.jpg,123,55,175,101,mask
images/crowd_mask163.jpg,88,156,183,258,mask
images/asian_mask238.jpg,67,28,116,87,mask
images/new_254.jpg,124,207,513,584,no_mask
images/139.jpg,133,244,433,581,no_mask
images/new_8.jpg,193,72,211,89,mask
images/61.jpg,181,220,460,568,no_mask
images/asian_mask200.jpg,62,61,198,188,mask
images/crowd_mask46.jpg,106,86,129,108,mask
images/165.jpg,133,236,460,576,no_mask
images/new_16.jpg,198,79,241,120,mask
images/new_7.jpg,79,24,204,116,mask
images/asian_mask19.jpg,61,47,145,128,mask
images/asian_mask79.jpg,80,65,171,151,mask
images/new_203.jpg,12,77,510,562,no_mask
images/asian_mask261.jpg,99,103,184,215,mask
images/asian_mask74.jpg,112,63,217,188,mask
images/asian_mask72.jpg,70,73,213,230,mask
images/crowd_mask142.jpg,79,48,136,89,mask
images/192.jpg,175,226,456,573,no_mask
images/new_128.jpg,146,233,429,571,no_mask
images/new_257.jpg,133,249,449,583,no_mask
images/new_48.jpg,553,778,779,956,mask
images/asian_mask278.jpg,86,113,189,224,mask
images/asian_mask88.jpg,75,46,168,132,mask
images/asian_mask254.jpg,87,36,161,104,mask
images/new_34.jpg,395,165,713,474,mask
images/new_220.jpg,103,264,441,572,no_mask
images/new_121.jpg,160,221,456,565,no_mask
images/asian_mask194.jpg,79,63,198,169,mask
images/asian_mask104.jpg,83,30,158,109,mask
images/new_89.jpg,61,92,516,560,no_mask
images/new_175.jpg,85,230,425,565,no_mask
images/asian_mask51.jpg,46,35,173,138,mask
images/asian_mask83.jpg,72,52,170,158,mask
images/crowd_mask74.jpg,63,74,150,153,mask
images/new_96.jpg,154,255,384,541,no_mask
images/new_182.jpg,141,277,474,579,no_mask
images/new_169.jpg,95,210,478,589,no_mask
images/new_210.jpg,162,184,483,552,no_mask
images/new_268.jpg,125,34,153,62,mask
images/71.jpg,170,216,463,569,no_mask
images/asian_mask280.jpg,76,33,159,109,mask
images/crowd_mask194.jpg,117,256,589,659,mask
images/crowd_mask139.jpg,140,22,168,48,mask
images/asian_mask8.jpg,31,72,170,196,mask
images/asian_mask235.jpg,102,33,145,74,mask
images/crowd_mask102.jpg,212,529,727,891,mask
images/new_176.jpg,124,224,458,569,no_mask
images/asian_mask109.jpg,61,95,184,204,mask
images/new_144.jpg,178,301,493,586,no_mask
images/173.jpg,118,211,459,578,no_mask
images/115.jpg,160,266,445,569,no_mask
images/asian_mask22.jpg,56,30,157,131,mask
images/75.jpg,127,184,437,543,no_mask
images/asian_mask155.jpg,16,68,114,157,mask
images/asian_mask131.jpg,79,42,150,114,mask
images/asian_mask59.jpg,88,29,169,109,mask
images/new_230.jpg,99,232,490,578,no_mask
images/crowd_mask101.jpg,57,106,165,203,mask
images/5.jpg,113,128,517,580,no_mask
images/crowd_mask64.jpg,126,278,511,564,mask
images/asian_mask64.jpg,137,49,195,109,mask
images/asian_mask189.jpg,93,52,166,101,mask
images/asian_mask33.jpg,90,50,154,109,mask
images/crowd_mask23.jpg,173,103,255,146,mask
images/crowd_mask134.jpg,302,235,588,390,mask
images/asian_mask182.jpg,72,82,177,172,mask
images/asian_mask282.jpg,121,71,215,175,mask
images/asian_mask139.jpg,36,70,197,209,mask
images/144.jpg,132,217,420,555,no_mask
images/150.jpg,123,188,458,562,no_mask
images/159.jpg,135,246,432,580,no_mask
images/asian_mask2.jpg,73,97,189,194,mask
images/new_77.jpg,88,181,484,554,no_mask
images/asian_mask55.jpg,82,46,147,110,mask
images/asian_mask20.jpg,63,90,191,190,mask
images/crowd_mask28.jpg,120,53,528,339,mask
images/asian_mask73.jpg,41,66,188,202,mask
images/new_3.jpg,69,99,174,211,mask
images/new_42.jpg,715,175,845,291,mask
images/asian_mask31.jpg,84,92,206,194,mask
images/new_81.jpg,133,251,450,579,no_mask
images/new_104.jpg,148,268,468,570,no_mask
images/asian_mask179.jpg,75,35,118,72,mask
images/141.jpg,139,220,453,568,no_mask
images/new_228.jpg,160,231,477,575,no_mask
images/47.jpg,165,214,431,520,no_mask
images/new_113.jpg,165,255,436,558,no_mask
images/asian_mask184.jpg,87,79,215,169,mask
images/asian_mask161.jpg,78,93,180,207,mask
images/asian_mask89.jpg,185,24,211,51,mask
images/67.jpg,145,270,446,562,no_mask
images/asian_mask93.jpg,60,77,203,210,mask
images/new_124.jpg,106,185,546,578,no_mask
images/new_207.jpg,136,264,470,583,no_mask
images/asian_mask244.jpg,148,80,216,151,mask
images/74.jpg,114,182,434,552,no_mask
images/new_115.jpg,121,194,435,553,no_mask
images/new_31.jpg,395,469,660,710,mask
images/16.jpg,95,185,480,550,no_mask
images/asian_mask143.jpg,45,71,205,207,mask
images/85.jpg,123,202,459,573,no_mask
images/new_17.jpg,161,52,198,85,mask
images/asian_mask43.jpg,65,59,162,127,mask
images/asian_mask231.jpg,13,61,85,153,mask
images/crowd_mask45.jpg,100,21,141,68,mask
images/crowd_mask6.jpg,135,134,271,269,mask
images/asian_mask225.jpg,46,70,187,204,mask
images/asian_mask80.jpg,88,119,188,216,mask
images/asian_mask97.jpg,136,76,232,155,mask
images/asian_mask176.jpg,84,48,143,116,mask
images/new_76.jpg,191,187,474,570,no_mask
images/asian_mask209.jpg,112,109,241,216,mask
images/new_146.jpg,123,266,460,580,no_mask
images/new_162.jpg,145,264,457,571,no_mask
images/crowd_mask98.jpg,383,109,448,196,mask
images/new_240.jpg,33,215,516,582,no_mask
images/asian_mask276.jpg,89,110,170,178,mask
images/new_122.jpg,127,229,490,567,no_mask
images/crowd_mask60.jpg,105,184,307,344,mask
images/asian_mask135.jpg,112,90,221,184,mask
images/crowd_mask25.jpg,346,165,545,349,mask
images/new_163.jpg,125,281,446,567,no_mask
images/new_40.jpg,448,368,544,467,mask
images/asian_mask24.jpg,80,112,189,226,mask
images/asian_mask107.jpg,110,92,212,207,mask
images/asian_mask144.jpg,110,48,201,139,mask
images/asian_mask191.jpg,98,82,186,175,mask
images/new_216.jpg,112,292,467,593,no_mask
images/new_95.jpg,137,272,445,577,no_mask
images/193.jpg,122,233,433,571,no_mask
images/25.jpg,52,148,463,576,no_mask
images/crowd_mask130.jpg,1827,287,2105,513,mask
images/crowd_mask117.jpg,130,54,175,99,mask
images/new_36.jpg,478,151,681,337,mask
images/crowd_mask156.jpg,136,28,155,43,mask
images/new_41.jpg,395,342,529,453,mask
images/new_116.jpg,125,233,447,548,no_mask
images/asian_mask215.jpg,73,49,239,227,mask
images/new_166.jpg,124,252,467,578,no_mask
images/new_147.jpg,52,200,432,591,no_mask
images/crowd_mask63.jpg,1086,185,1238,334,mask
images/crowd_mask2.jpg,97,79,143,116,mask
images/asian_mask227.jpg,103,97,243,234,mask
images/new_190.jpg,143,227,445,576,no_mask
images/new_110.jpg,124,250,447,569,no_mask
images/crowd_mask73.jpg,73,59,177,147,mask
images/new_265.jpg,101,147,470,563,no_mask
images/new_239.jpg,46,155,496,549,no_mask
images/8.jpg,177,87,522,524,no_mask
images/asian_mask106.jpg,94,29,168,104,mask
images/asian_mask193.jpg,98,110,194,163,mask
images/new_73.jpg,150,218,450,539,no_mask
images/crowd_mask42.jpg,676,255,703,281,mask
images/152.jpg,125,136,439,568,no_mask
images/new_260.jpg,139,215,466,535,no_mask
images/asian_mask118.jpg,72,70,165,147,mask
images/128.jpg,60,121,499,559,no_mask
images/new_69.jpg,88,127,538,564,no_mask
images/new_27.jpg,272,572,779,1127,mask
images/new_87.jpg,134,189,488,565,no_mask
images/new_171.jpg,127,271,460,553,no_mask
images/123.jpg,149,248,460,527,no_mask
images/53.jpg,158,206,501,573,no_mask
images/136.jpg,97,233,464,588,no_mask
images/asian_mask145.jpg,126,68,239,185,mask
images/crowd_mask66.jpg,46,106,193,238,mask
images/crowd_mask127.jpg,100,141,290,332,mask
images/asian_mask148.jpg,48,66,106,119,mask
images/132.jpg,98,134,502,569,no_mask
images/asian_mask47.jpg,115,113,172,159,mask
images/asian_mask42.jpg,53,61,183,153,mask
images/new_249.jpg,77,192,412,577,no_mask
images/new_88.jpg,52,152,529,573,no_mask
images/new_106.jpg,142,218,434,472,no_mask
images/asian_mask293.jpg,64,72,193,192,mask
images/27.jpg,93,129,467,550,no_mask
images/82.jpg,159,331,428,561,no_mask
images/new_92.jpg,119,220,485,561,no_mask
images/asian_mask160.jpg,62,39,140,128,mask
images/66.jpg,139,198,484,538,no_mask
images/asian_mask66.jpg,79,12,118,57,mask
images/new_60.jpg,605,98,719,220,mask
images/new_192.jpg,71,175,519,528,no_mask
images/39.jpg,143,196,438,572,no_mask
images/asian_mask0.jpg,66,58,119,134,mask
images/180.jpg,101,249,464,583,no_mask
images/new_148.jpg,99,237,425,565,no_mask
images/asian_mask279.jpg,108,45,195,120,mask
images/new_28.jpg,660,133,764,241,mask
images/asian_mask239.jpg,60,59,175,171,mask
images/asian_mask124.jpg,89,48,182,139,mask
images/108.jpg,90,210,499,565,no_mask
images/new_129.jpg,105,190,492,589,no_mask
images/new_114.jpg,102,217,495,574,no_mask
images/asian_mask157.jpg,28,65,158,163,mask
images/new_173.jpg,91,121,471,570,no_mask
images/crowd_mask179.jpg,528,314,617,436,mask
images/new_44.jpg,494,578,641,708,mask
images/new_179.jpg,213,188,595,544,no_mask
images/122.jpg,80,207,523,544,no_mask
images/asian_mask142.jpg,29,80,138,187,mask
images/new_120.jpg,188,258,488,572,no_mask
images/94.jpg,110,196,480,566,no_mask
images/170.jpg,137,213,457,585,no_mask
images/new_195.jpg,88,173,496,591,no_mask
images/129.jpg,163,208,425,540,no_mask
images/asian_mask41.jpg,53,58,180,152,mask
images/new_200.jpg,149,186,552,565,no_mask
images/new_94.jpg,124,269,459,566,no_mask
images/new_74.jpg,153,283,442,564,no_mask
images/70.jpg,168,266,424,533,no_mask
images/130.jpg,164,275,438,577,no_mask
images/asian_mask218.jpg,60,70,158,191,mask
images/new_237.jpg,126,193,492,573,no_mask
images/asian_mask159.jpg,50,58,200,205,mask
images/asian_mask178.jpg,156,47,200,84,mask
images/new_139.jpg,154,219,431,558,no_mask
images/crowd_mask175.jpg,726,477,907,648,mask
images/new_12.jpg,116,69,170,115,mask
images/new_93.jpg,134,204,444,561,no_mask
images/asian_mask154.jpg,54,55,102,93,mask
images/asian_mask116.jpg,53,70,130,143,mask
images/new_262.jpg,174,257,452,578,no_mask
images/asian_mask183.jpg,48,63,233,206,mask
images/new_217.jpg,126,238,464,579,no_mask
images/new_108.jpg,130,246,389,522,no_mask
images/crowd_mask16.jpg,774,303,808,338,mask
images/asian_mask133.jpg,94,60,191,159,mask
images/asian_mask23.jpg,59,111,160,172,mask
images/51.jpg,159,316,446,558,no_mask
images/142.jpg,45,217,455,550,no_mask
images/18.jpg,90,247,444,560,no_mask
images/20.jpg,112,184,465,556,no_mask
images/asian_mask192.jpg,35,77,130,139,mask
images/asian_mask180.jpg,65,82,188,213,mask
images/new_64.jpg,478,234,660,442,mask
images/12.jpg,142,213,468,560,no_mask
images/new_223.jpg,124,243,509,585,no_mask
images/crowd_mask71.jpg,8,279,80,363,mask
images/new_156.jpg,115,239,464,587,no_mask
images/49.jpg,200,221,459,548,no_mask
images/new_244.jpg,103,235,475,569,no_mask
images/new_219.jpg,185,229,500,573,no_mask
images/new_266.jpg,179,78,216,118,mask
images/new_218.jpg,174,285,451,557,no_mask
images/new_19.jpg,173,46,241,92,mask
images/new_245.jpg,168,231,443,561,no_mask
images/new_204.jpg,107,193,420,560,no_mask
images/asian_mask9.jpg,110,49,197,145,mask
images/15.jpg,143,183,519,562,no_mask
images/new_97.jpg,123,226,424,556,no_mask
images/new_53.jpg,725,289,874,451,mask
images/new_107.jpg,149,261,460,535,no_mask
images/26.jpg,96,142,463,575,no_mask
images/asian_mask30.jpg,100,35,205,151,mask
images/crowd_mask162.jpg,769,95,879,212,mask
images/new_82.jpg,79,129,556,581,no_mask
images/asian_mask224.jpg,63,83,227,221,mask
images/asian_mask149.jpg,45,31,140,138,mask
images/asian_mask6.jpg,48,98,196,217,mask
images/29.jpg,124,207,443,560,no_mask
images/55.jpg,140,157,535,552,no_mask
images/new_9.jpg,56,20,215,165,mask
images/asian_mask13.jpg,77,85,180,161,mask
images/asian_mask214.jpg,81,16,111,52,mask
images/asian_mask35.jpg,76,91,198,212,mask
images/crowd_mask49.jpg,224,238,514,435,mask
images/101.jpg,154,226,459,571,no_mask
images/crowd_mask137.jpg,165,252,177,266,mask
images/new_167.jpg,124,225,474,596,no_mask
images/asian_mask185.jpg,55,60,186,155,mask
images/crowd_mask178.jpg,328,266,471,396,mask
images/crowd_mask172.jpg,88,185,204,269,mask
images/asian_mask75.jpg,51,62,169,184,mask
images/35.jpg,187,202,457,571,no_mask
images/190.jpg,167,243,454,577,no_mask
images/195.jpg,92,243,438,586,no_mask
images/crowd_mask61.jpg,75,100,156,180,mask
images/asian_mask15.jpg,50,34,141,139,mask
images/new_231.jpg,67,227,501,593,no_mask
images/asian_mask198.jpg,76,53,154,135,mask
images/asian_mask288.jpg,13,48,186,187,mask
images/new_138.jpg,151,228,438,550,no_mask
images/new_264.jpg,109,145,431,577,no_mask
images/88.jpg,126,271,462,595,no_mask
images/asian_mask217.jpg,84,50,180,153,mask
images/new_269.jpg,206,52,308,165,mask
images/new_189.jpg,124,211,460,561,no_mask
images/crowd_mask112.jpg,198,71,229,104,mask
images/asian_mask146.jpg,55,51,166,160,mask
images/new_184.jpg,11,58,481,476,no_mask
images/50.jpg,144,252,409,550,no_mask
images/69.jpg,158,287,421,538,no_mask
images/new_52.jpg,198,609,702,1155,mask
images/new_133.jpg,101,196,439,535,no_mask
images/asian_mask82.jpg,100,75,192,169,mask
images/crowd_mask62.jpg,781,289,886,392,mask
images/asian_mask172.jpg,41,85,192,211,mask
images/112.jpg,141,269,491,592,no_mask
images/crowd_mask131.jpg,36,85,167,203,mask
images/176.jpg,78,198,380,562,no_mask
images/48.jpg,130,248,423,570,no_mask
images/138.jpg,87,221,520,593,no_mask
images/169.jpg,90,238,478,578,no_mask
images/asian_mask26.jpg,122,81,204,150,mask
